{"cameraMode":{"drawMode":0,"name":"Shaded","section":"Shading Mode"},"sceneLighting":true,"audioPlay":false,"sceneViewState":{"m_AlwaysRefresh":false,"showFog":true,"showSkybox":true,"showFlares":true,"showImageEffects":true,"showParticleSystems":true,"showVisualEffectGraphs":true,"m_FxEnabled":true},"in2DMode":false,"pivot":{"x":39.57173156738281,"y":25.556556701660158,"z":24.870830535888673},"rotation":{"x":0.026084277778863908,"y":-0.9477587342262268,"z":0.307577520608902,"w":0.08037914335727692},"size":7.071067810058594,"orthographic":false}